Campaign,Ad Group,Description,Character Count,Type,Notes
Authority / Brand Reach,General,With 20+ years experience we deliver high-quality residential renovations in San Francisco.,90,Value,Experience focus
Authority / Brand Reach,General,From facade to flooring our design-build team manages your whole home remodel end-to-end.,88,USP,Tagline inclusion
Authority / Brand Reach,General,Licensed and insured general contractor in CA #928127 specializing in modern and historic homes.,90,Credential,License number
Authority / Brand Reach,General,We restore character-rich homes Victorian Arts Crafts Mid-Century while modernizing living.,89,Service,Style variety
Authority / Brand Reach,General,Premium renovations that elevate your home value style and architecture in the Bay Area.,85,Value,Value proposition
Authority / Brand Reach,General,Let our attention to detail transform your San Francisco home into a timeless masterpiece.,88,USP,USP emphasis
Authority / Brand Reach,General,Do not settle for an ordinary remodel. Work with Bay Area leading luxury renovation team.,86,Authority,Authority claim
Authority / Brand Reach,General,A trusted partner for contractors homeowners and investors seeking exceptional craftsmanship.,90,Trust,Audience segments
Authority / Brand Reach,General,We combine design construction and project management into one seamless premium service.,86,Process,Single source
Authority / Brand Reach,General,Maximize your home potential with end-to-end remodeling experts in San Francisco.,79,Value,End-to-end focus
Authority / Brand Reach,General,Create the home you have always wanted in the Bay Area. Luxury finishes historic integrity.,89,Aspiration,Dream home
Authority / Brand Reach,General,Your home deserves a design-build team that understands both modern living and heritage.,86,Value,Modern plus heritage
Authority / Brand Reach,General,We manage complex permitting seismic upgrades and full renovation for San Francisco homes.,88,Service,Permitting focus
Authority / Brand Reach,General,From modern upgrades to historic restoration we handle all scopes of luxury remodeling.,85,Service,Scope range
Authority / Brand Reach,General,See our portfolio of high-end homes in San Francisco and request your consultation today.,87,CTA,Portfolio CTA
Authority / Brand Reach,General,Partner with a remodel team that values craftsmanship architecture and your vision.,82,Value,Craftsmanship
Authority / Brand Reach,General,Licensed general contracting design expertise and decades of delivery experience in SF.,86,Credential,Multi-credential
Authority / Brand Reach,General,Increase your property value and style with a full-service remodeling firm in Bay Area.,86,Value,Value increase
Authority / Brand Reach,General,Transform a historic residence or modern flat into the dream home you have been planning.,88,Aspiration,Transformation
Authority / Brand Reach,General,Ready to elevate your home? Schedule a consultation with our Bay Area design-build experts.,89,CTA,Consultation CTA
Investor Value-Add,General,Work with a design-build firm experienced in remodeling homes for resale in San Francisco.,88,Service,Resale experience
Investor Value-Add,General,We help investors maximize property value with high-end renovations in the Bay Area.,83,Value,Investor value
Investor Value-Add,General,From layout reconfiguration to premium finishes. Ready your home for sale in San Francisco.,89,Service,Sale preparation
Investor Value-Add,General,Our team specializes in value-add remodeling for investment and resale properties in SF.,87,Service,Specialization
Investor Value-Add,General,Licensed general contractor with proven experience delivering investor-ready renovations.,87,Credential,Investor ready
Investor Value-Add,General,Turn your property into a top-tier listing with full-service remodeling in the Bay Area.,86,Value,Top tier listing
Investor Value-Add,General,We handle permitting design construction and finish work to give you a streamlined flip.,87,Process,Streamlined process
Investor Value-Add,General,Designed for real-estate investors seeking high-quality remodels and maximum ROI.,80,Audience,ROI focus
Investor Value-Add,General,Premium renovation solutions built for resale. Modern historic or high-end homes in SF.,86,Service,Resale solutions
Investor Value-Add,General,Partner with a remodel team who understands investing value-add and luxury finishes.,83,Value,Understanding
Investor Value-Add,General,From investor consult to finished listing we deliver luxury remodels in San Francisco.,84,Process,Full process
Investor Value-Add,General,Elevate your investment property in the Bay Area with design-build experts you can trust.,87,Trust,Trust focus
Investor Value-Add,General,Have a property you want to flip or upgrade? Let us manage the full remodel execution.,84,CTA,Question CTA
Investor Value-Add,General,High-quality renovations that appeal to buyers and increase market value in SF homes.,83,Value,Buyer appeal
Investor Value-Add,General,Value-add remodeling specialists. The design-build firm investors rely on in San Francisco.,89,Authority,Specialist claim
Investor Value-Add,General,We modernize historic and modern homes alike. Optimized for resale built with craftsmanship.,90,Service,Dual focus
Investor Value-Add,General,Reduce risk save time and increase returns with our full-service investor remodeling team.,88,Value,Risk reduction
Investor Value-Add,General,Your investment deserves premium treatment. Licensed experienced Bay Area-focused contractors.,90,Value,Premium treatment
Investor Value-Add,General,Remodel with purpose. Designed for market appeal executed with precision in San Francisco.,88,Value,Purposeful remodel
Investor Value-Add,General,Make your property stand out in the Bay Area market with a luxury remodel for resale.,84,Value,Stand out
Additional,General,Our design-build process is efficient transparent and tailored for high-end SF homes.,84,Process,Process attributes
Additional,General,With strong Bay Area market knowledge and historic property expertise we deliver distinctive remodels.,90,Authority,Market knowledge
Additional,General,From modernizing kitchens and baths to full-home redevelopment we manage every detail for you.,90,Service,Detail management
Additional,General,Trusted by homeowners contractors and investors alike for high-quality renovations in SF.,87,Trust,Multi-audience trust
Additional,General,Developed over 20+ years in San Francisco our team knows local codes architecture and quality.,90,Experience,Local expertise
Additional,General,Whole-home flat and historic renovations. All handled with craftsmanship and care in Bay Area.,89,Service,Comprehensive
Additional,General,We make complex remodels simple. Design plus build plus permit plus deliver all under one roof.,90,Process,Simplification
Additional,General,Licensed CA general contractor #928127 with a reputation for premium residential work in SF.,88,Credential,License reputation
Additional,General,Get your consultation and explore our portfolio of high-end San Francisco home remodels today.,90,CTA,Portfolio CTA
Additional,General,Remodel smarter. Maximize appeal minimize delays partner with Bay Area design-build experts.,88,Value,Smart remodel
